<?xml version="1.0" encoding="UTF-8" standalone="yes"?>
<addon id="context.tmdb.helper.lite" version="1.0" name="TMDbHelper - Select Player Context Menu Item" provider-name="SHINKS">
    <requires>
        <import addon="xbmc.python" version="3.0.0" />
        <import addon="plugin.video.themoviedb.helper" version="4.7.7" />
    </requires>
    <extension point="kodi.context.item">
        <menu id="kodi.core.main">
            <menu>
                <label>$ADDON[plugin.video.themoviedb.helper 32322]</label>
                <item library="context.py" args="play_using">
                    <label>$ADDON[plugin.video.themoviedb.helper 32322]</label>
                    <visible>[String.IsEqual(ListItem.dbtype,episode) | String.IsEqual(ListItem.dbtype,movie)] + String.IsEmpty(ListItem.Property(tmdbhelper.context.playusing)) + String.IsEmpty(ListItem.Property(item.info))</visible>
                </item>
            </menu>
        </menu>
    </extension>
    <extension point="xbmc.addon.metadata">
        <summary lang="en">Select player context menu item</summary>
        <description lang="en">Jurialmunkey addon but with only Select player added to the context menu
        </description>
        <platform>all</platform>
        <license>GPL-3.0-or-later</license>
        <website></website>
        <forum></forum>
        <source></source>
        <disclaimer lang="en"></disclaimer>
        <assets>
            <icon>icon.png</icon>
            <fanart>fanart.jpg</fanart>
        </assets>
    </extension>
</addon>
