<?xml version="1.0" encoding="UTF-8" standalone="yes"?>
<addon id="repository.Duck.Pirate" name="[COLOR magenta][B]Duck Pirate [/B][/COLOR] Repository" version="1.0" provider-name="SHINKS">
    <extension point="xbmc.addon.repository" name="repository.Duck.Pirate">
        <dir>
            <info compressed="false">https://raw.githubusercontent.com/SH1NKS/repository.Duck.Pirate/master/repo/zips/addons.xml</info>
            <checksum>https://raw.githubusercontent.com/SH1NKS/repository.Duck.Pirate/master/repo/zips/addons.xml.md5</checksum>
            <datadir zip="true">https://raw.githubusercontent.com/SH1NKS/repository.Duck.Pirate/master/repo/zips/</datadir>
        </dir>
        <dir>
            <info compressed="false">https://raw.githubusercontent.com/jurialmunkey/repository.jurialmunkey/master/matrix/zips/addons.xml</info>
            <checksum>https://raw.githubusercontent.com/jurialmunkey/repository.jurialmunkey/master/matrix/zips/addons.xml.md5</checksum>
            <datadir zip="true">https://raw.githubusercontent.com/jurialmunkey/repository.jurialmunkey/master/matrix/zips/</datadir>
        </dir>
		<dir>
			<info compressed="false">https://raw.githubusercontent.com/Gujal00/smrzips/master/addons.xml</info>
			<checksum>https://raw.githubusercontent.com/Gujal00/smrzips/master/addons.xml.md5</checksum>
			<datadir zip="true">https://raw.githubusercontent.com/Gujal00/smrzips/master/zips/</datadir>
		</dir>
		<dir>
			<info compressed="false">https://raw.githubusercontent.com/jenaddon/repository.jenrepo/master/zips/addons.xml</info>
			<checksum>https://raw.githubusercontent.com/jenaddon/repository.jenrepo/master/zips/addons.xml.md5</checksum>
			<datadir zip="true">https://raw.githubusercontent.com/jenaddon/repository.jenrepo/master/zips/</datadir>
		</dir>
    </extension>
    <extension point="xbmc.addon.metadata">
        <summary>[COLOR magenta][B]Duck.Pirate[/B][/COLOR]Wizard</summary>
        <description>The official home of [COLOR magenta][B]Duck Pirate[/B][/COLOR]</description>
        <disclaimer></disclaimer>
        <platform>all</platform>
        <assets>
            <icon>icon.png</icon>
            <fanart>fanart.jpg</fanart>
        </assets>
    </extension>
</addon>