<advancedsettings>
  <cache>
    <buffermode>0</buffermode>
    <memorysize>209190912</memorysize>
    <readfactor>20</readfactor>
  </cache>
  <splash>false</splash>
  <general>
    <addonupdates>0</addonupdates>
	<addonnotifications>false</addonnotifications>
  </general>
  <addons>
    <unknownsources>true</unknownsources>
	<updatemode>1</updatemode>
  </addons>
  <lookandfeel>
    <skin>skin.horizon.duck</skin>
	<skintheme>SKINDEFAULT</skintheme>
	<skincolors>SKINDEFAULT</skincolors>
	<font>Default</font>
	<skinzoom>0</skinzoom>
	<stereostrength>5</stereostrength>
	<enablerssfeeds>false</enablerssfeeds>
	<rssedit>false</rssedit>
	<startupaction>0</startupaction>
	<startupwindow>10000</startupwindow>
	<soundskin>resource.uisounds.crew</soundskin>
  </lookandfeel>
  <screensaver>
    <mode>screensaver.stars</mode>
	<usemusicvisinstead>false</usemusicvisinstead>
	<usedimonpause>false</usedimonpause>
  </screensaver>
  <videoplayer>
    <usedisplayasclock>true</usedisplayasclock>
	<adjustrefreshrate>0</adjustrefreshrate>
    <seeksteps>-600,-60,-30,30,60,600</seeksteps>
	<seekdelay>750</seekdelay>
    <stereoscopicplaybackmode>0</stereoscopicplaybackmode>
	<quitstereomodeonstop>true</quitstereomodeonstop>
	<teletextenabled>false</teletextenabled>
	<teletextscale>true</teletextscale>
	<autoplaynextitem>0,1,2,3,4</autoplaynextitem>
	<errorinaspect>0</errorinaspect>
	<rendermethod>0</rendermethod>
	<preferdefaultflag>true</preferdefaultflag>
	<hqscalers>10</hqscalers>
	<usemediacodecsurface>true</usemediacodecsurface>
	<usemediacodec>true</usemediacodec>
	<usedxva2>true</usedxva2>
	<usevtb>true</usevtb>
  </videoplayer>
  <winsystem>
  	<ishdrdisplay>true</ishdrdisplay>
  </winsystem>
  <filelists>
    <showparentdiritems>false</showparentdiritems>
    <ignorethewhensorting>true</ignorethewhensorting>
    <showextensions>true</showextensions>
    <showaddsourcebuttons>true</showaddsourcebuttons>
	<showhidden>true</showhidden>
	<allowfiledeletion>true</allowfiledeletion>
  </filelists>
  <myvideos>
    <selectaction>1</selectaction>
	<usetags>false</usetags>
	<extractflags>true</extractflags>
	<extractchapterthumbs>false</extractchapterthumbs>
	<stackvideos>false</stackvideos>
	<replacelabels>true</replacelabels>
	<flatten>false</flatten>
	<extractthumb>true</extractthumb>
  </myvideos>
  <videolibrary>
    <updateonstartup>false</updateonstartup>
	<backgroundupdate>false</backgroundupdate>
	<showallitems>true</showallitems>
	<showunwatchedplots>0,1,2</showunwatchedplots>
	<groupmoviesets>false</groupmoviesets>
	<groupsingleitemsets>false</groupsingleitemsets>
	<flattentvshows>1</flattentvshows>
	<showemptytvshows>true</showemptytvshows>
	<tvshowsselectfirstunwatcheditem>0</tvshowsselectfirstunwatcheditem>
	<tvshowsincludeallseasonsandspecials>0</tvshowsincludeallseasonsandspecials>
	<moviesetsfolder>true</moviesetsfolder>
	<musicvideosallperformers>true</musicvideosallperformers>
	<artsettingsupdated>true</artsettingsupdated>
	<artworklevel>0</artworklevel>
	<movieartwhitelist>true</movieartwhitelist>
	<tvshowartwhitelist>true</tvshowartwhitelist>
	<episodeartwhitelist>true</episodeartwhitelist>
	<musicvideoartwhitelist>true</musicvideoartwhitelist>
	<actorthumbs>true</actorthumbs>
	<showunwatchedplots>0,1,2</showunwatchedplots>
  </videolibrary>
  <videoscreen>
    <whitelist></whitelist>
	<whitelistpulldown>false</whitelistpulldown>
	<whitelistdoublerefreshrate>false</whitelistdoublerefreshrate>
	<stereoscopicmode>0</stereoscopicmode>
	<preferedstereoscopicmode>100</preferedstereoscopicmode>
	<delayrefreshchange>3</delayrefreshchange>
	<dither>false</dither>
	<ditherdepth>8</ditherdepth>
	<cmsenabled>false</cmsenabled>
	<cmsmode>0</cmsmode>
	<cms3dlut></cms3dlut>
	<displayprofile></displayprofile>
	<cmswhitepoint>0</cmswhitepoint>
	<cmsprimaries>0</cmsprimaries>
	<cmsgammamode>0</cmsgammamode>
	<cmsgamma>220</cmsgamma>
	<cmslutsize>6</cmslutsize>
	<limitedrange>false</limitedrange>
  </videoscreen>
  <musicplayer>
    <autoplaynextitem>true</autoplaynextitem>
	<queuebydefault>false</queuebydefault>
	<seeksteps>-60,-30,-10,10,30,60</seeksteps>
	<seekdelay>750</seekdelay>
	<crossfade>0</crossfade>
	<crossfadealbumtracks>true</crossfadealbumtracks>
	<visualisation>true</visualisation>
	<replaygaintype>1</replaygaintype>
	<replaygainpreamp>89</replaygainpreamp>
	<replaygainnogainpreamp>89</replaygainnogainpreamp>
	<replaygainavoidclipping>false</replaygainavoidclipping>
  </musicplayer>
  <musiclibrary>
    <updateonstartup>false</updateonstartup>
	<backgroundupdate>false</backgroundupdate>
	<exportfiletype>0</exportfiletype>
	<exportfolder>true</exportfolder>
	<exportitems>48</exportitems>
	<exportunscraped>false</exportunscraped>
	<exportoverwrite>false</exportoverwrite>
	<exportartwork>false</exportartwork>
	<exportskipnfo>false</exportskipnfo>
	<showallitems>true</showallitems>
	<showcompilationartists>true</showcompilationartists>
	<showdiscs>true</showdiscs>
	<useartistsortname>false</useartistsortname>
	<useoriginaldate>false</useoriginaldate>
	<downloadinfo>false</downloadinfo>
	<artistsfolder>true</artistsfolder>
	<albumsscraper>metadata.generic.albums</albumsscraper>
	<artistsscraper>metadata.generic.artists</artistsscraper>
	<overridetags>false</overridetags>
	<artsettings>true</artsettings>
	<artworklevel>0</artworklevel>
	<usealllocalart>false</usealllocalart>
	<useallremoteart>false</useallremoteart>
	<artistartwhitelist>true</artistartwhitelist>
	<albumartwhitelist>true</albumartwhitelist>
	<musicthumbs>folder.jpg, cover.jpg, cover.jpeg, thumb.jpg</musicthumbs>
	<preferonlinealbumart>false</preferonlinealbumart>
  </musiclibrary>
  <musicfiles>
    <selectaction>false</selectaction>
	<trackformat>[%N. ]%A - %T</trackformat>
	<nowplayingtrackformat>true</nowplayingtrackformat>
	<librarytrackformat>true</librarytrackformat>
	<findremotethumbs>true</findremotethumbs>
	<usetags>true</usetags>
	<songthumbinvis>true</songthumbinvis>
	<defaultlibview>true</defaultlibview>
  </musicfiles>
  <audiocds>
    <autoaction>0</autoaction>
	<usecddb>true</usecddb>
	<recordingpath>true</recordingpath>
	<trackpathformat>%A/%A - %B/[%N. ][%A - ]%T</trackpathformat>
	<encoder>audioencoder.kodi.builtin.aac</encoder>
	<ejectonrip>true</ejectonrip>
  </audiocds>
  <dvds>
    <autorun>true</autorun>
	<playerregion>0</playerregion>
	<automenu>false</automenu>
  </dvds>
  <bluray>
    <playerregion>1</playerregion>
  </bluray>
  <disc>
    <playback>0</playback>
  </disc>
  <pvrmanager>
    <preselectplayingchannel>true</preselectplayingchannel>
	<syncchannelgroups>true</syncchannelgroups>
	<backendchannelorder>true</backendchannelorder>
	<usebackendchannelnumbersalways>false</usebackendchannelnumbersalways>
	<usebackendchannelnumbers>false</usebackendchannelnumbers>
	<startgroupchannelnumbersfromone>false</startgroupchannelnumbersfromone>
  </pvrmanager>
  <pvrmenu>
    <displaychannelinfo>5</displaychannelinfo>
	<closechannelosdonswitch>true</closechannelosdonswitch>
	<iconpath>true</iconpath>
  </pvrmenu>
  <epg>
    <pastdaystodisplay>0</pastdaystodisplay>
	<futuredaystodisplay>1</futuredaystodisplay>
	<selectaction>1</selectaction>
	<hidenoinfoavailable>true</hidenoinfoavailable>
	<epgupdate>1455</epgupdate>
	<preventupdateswhileplayingtv>true</preventupdateswhileplayingtv>
  </epg>
  <pvrplayback>
    <switchtofullscreenchanneltypes>3</switchtofullscreenchanneltypes>
	<signalquality>true</signalquality>
	<confirmchannelswitch>true</confirmchannelswitch>
	<channelentrytimeout>0</channelentrytimeout>
	<delaymarklastwatched>0</delaymarklastwatched>
	<fps>2</fps>
	<enableradiords>true</enableradiords>
	<trafficadvisory>false</trafficadvisory>
	<trafficadvisoryvolume>10</trafficadvisoryvolume>
  </pvrplayback>
  <pvrrecord>
    <instantrecordaction>0</instantrecordaction>
	<instantrecordtime>120</instantrecordtime>
	<marginstart>0</marginstart>
	<marginend>0</marginend>
	<timernotifications>true</timernotifications>
	<grouprecordings>true</grouprecordings>
  </pvrrecord>
  <pvrreminders>
    <autoclosedelay>10</autoclosedelay>
	<autorecord>true</autorecord>
	<autoswitch>false</autoswitch>
  </pvrreminders>
  <pvrpowermanagement>
    <enabled>false</enabled>
	<backendidletime>15</backendidletime>
	<setwakeupcmd>true</setwakeupcmd>
	<prewakeup>15</prewakeup>
	<dailywakeup>false</dailywakeup>
	<dailywakeuptime>00:00:00</dailywakeuptime>
  </pvrpowermanagement>
  <pvrparental>
    <enabled>false</enabled>
	<pin>true</pin>
	<duration>300</duration>
  </pvrparental>
  <pvrtimers>
    <hidedisabledtimers>false</hidedisabledtimers>
  </pvrtimers>
  <services>
    <webskin>webinterface.default</webskin>
	<upnp>false</upnp>
	<upnpserver>false</upnpserver>
	<upnpannounce>true</upnpannounce>
	<upnplookforexternalsubtitles>false</upnplookforexternalsubtitles>
	<upnpcontroller>false</upnpcontroller>
	<upnprenderer>false</upnprenderer>
	<airplay>false</airplay>
	<airplayvolumecontrol>true</airplayvolumecontrol>
	<useairplaypassword>false</useairplaypassword>
	<airplaypassword>true</airplaypassword>
	<airplayvideosupport>false</airplayvideosupport>
	<webserverauthentication>false</webserverauthentication>
	<webserver>true</webserver>
	<esenabled>true</esenabled>
	<esallinterfaces>true</esallinterfaces>
	<zeroconf>false</zeroconf>
	<webserverssl>false</webserverssl>
  </services>
  <smb>
    <workgroup>WORKGROUP</workgroup>
	<winsserver>0.0.0.0</winsserver>
	<minprotocol>0</minprotocol>
	<maxprotocol>3</maxprotocol>
	<legacysecurity>false</legacysecurity>
  </smb>
  <network>
    <usehttpproxy>false</usehttpproxy>
	<httpproxytype>0</httpproxytype>
	<httpproxyserver></httpproxyserver>
	<httpproxyport>8080</httpproxyport>
	<httpproxyusername></httpproxyusername>
	<httpproxypassword></httpproxypassword>
	<bandwidth>0</bandwidth>
  </network>
  <pictures>
    <generatethumbs>true</generatethumbs>
	<showvideos>true</showvideos>
	<displayresolution>63</displayresolution>
	<usetags>true</usetags>
  </pictures>
  <slideshow>
    <staytime>5</staytime>
	<displayeffects>true</displayeffects>
	<shuffle>false</shuffle>
	<highqualitydownscaling>false</highqualitydownscaling>
  </slideshow>
  <subtitles>
    <align>0</align>
	<stereoscopicdepth>0</stereoscopicdepth>
	<font>arial.ttf</font>
	<charset>DEFAULT</charset>
	<height>28</height>
	<style>1</style>
	<color>1</color>
	<opacity>100</opacity>
	<bgcolor>0</bgcolor>
	<bgopacity>0</bgopacity>
	<overrideassfonts>false</overrideassfonts>
	<storagemode>0</storagemode>
	<downloadfirst>false</downloadfirst>
  </subtitles>
  <accessibility>
    <audiovisual>false</audiovisual>
	<audiohearing>false</audiohearing>
	<subhearing>false</subhearing>
  </accessibility>
  <scrapers>
    <moviesdefault>metadata.themoviedb.org.python</moviesdefault>
	<tvshowsdefault>metadata.tvshows.themoviedb.org.python</tvshowsdefault>
	<musicvideosdefault>metadata.local</musicvideosdefault>
  </scrapers>
  <powermanagement>
    <displaysoff>0</displaysoff>
	<shutdowntime>0</shutdowntime>
	<shutdownstate>0</shutdownstate>
	<waitfornetwork>0</waitfornetwork>
	<wakeonaccess>false</wakeonaccess>
  </powermanagement>
  <debug>
    <extralogging>False</extralogging>
	<setextraloglevel>true</setextraloglevel>
	<screenshotpath>true</screenshotpath>
  </debug>
  <eventlog>
    <enabled>false</enabled>
	<enablednotifications>false</enablednotifications>
  </eventlog>
  <audiooutput>
    <guisoundmode>1</guisoundmode>
	<streamnoise>true</streamnoise>
	<streamsilence>1</streamsilence>
	<samplerate>48000</samplerate>
	<atempothreshold>2</atempothreshold>
	<processquality>30</processquality>
	<stereoupmix>false</stereoupmix>
	<maintainoriginalvolume>true</maintainoriginalvolume>
	<volumesteps>90</volumesteps>
  </audiooutput>
  <input>
    <enablemouse>true</enablemouse>
	<enablejoystick>true</enablejoystick>
  </input>
  <weather>
    <currentlocation>1</currentlocation>
	<addon></addon>
  </weather>
  <masterlock>
    <startuplock>false</startuplock>
	<maxretries>10</maxretries>
  </masterlock>
</advancedsettings>